日期,股票代號,股票名稱,股數,權重
2025-08-01,2330,台灣積體電路製造,170000,7.16
2025-08-01,2317,鴻海精密工業,716000,4.8
2025-08-01,2454,聯發科技,93000,4.64
2025-08-01,2382,廣達電腦,438000,4.61
2025-08-01,2308,台達電子工業,184000,4
2025-08-01,2357,華碩電腦,155000,3.81
2025-08-01,2881,富邦金融控股,1105000,3.37
2025-08-01,2345,智邦科技,81000,2.64
2025-08-01,2383,台光電子材料,59000,2.44
2025-08-01,3044,健鼎科技,235000,2.44
2025-08-01,2891,中國信託金融控股,1566000,2.4
2025-08-01,6669,緯穎科技服務,23000,2.32
2025-08-01,9802,鈺齊國際,598000,2.29
2025-08-01,3017,奇鋐科技,64000,2.17
2025-08-01,2884,玉山金融控股,1799622,2.14
2025-08-01,2379,瑞昱半導體,98000,1.99
2025-08-01,2059,川湖科技,20000,1.95
2025-08-01,2393,億光電子工業,715000,1.84
2025-08-01,3665,貿聯控股（BizLink Holding In,54336,1.8
2025-08-01,3293,鈊象電子,60000,1.73
2025-08-01,6223,旺矽科技,44000,1.67
2025-08-01,2360,致茂電子,95000,1.66
2025-08-01,3653,健策精密工業,32000,1.64
2025-08-01,5234,達興材料,145000,1.35
2025-08-01,9907,統一實業,1990000,1.33
2025-08-01,5904,寶雅國際,71450,1.23
2025-08-01,6510,中華精測科技,36000,1.15
2025-08-01,6757,台灣虎航,361000,1.14
2025-08-01,5434,崇越科技,105000,1.1
2025-08-01,5534,長虹建設,357000,1.08
2025-08-01,6274,台燿科技,107000,1.07
2025-08-01,5439,高技企業,102000,0.99
2025-08-01,6121,新普科技,62000,0.93
2025-08-01,8114,振樺電子,97000,0.92
2025-08-01,8016,矽創電子,116000,0.87
2025-08-01,3529,力旺電子,11000,0.84
2025-08-01,4915,致伸科技,301000,0.82
2025-08-01,3526,凡甲科技,93000,0.81
2025-08-01,6442,光紅建聖,36000,0.81
2025-08-01,6561,是方電訊,49000,0.81
2025-08-01,6811,宏碁資訊服務,91000,0.8
2025-08-01,2610,中華航空,940000,0.71
2025-08-01,3211,順達科技,77000,0.65
2025-08-01,3227,原相科技,85000,0.63
2025-08-01,8028,昇陽國際半導體,121000,0.63
2025-08-01,6257,矽格,207000,0.61
2025-08-01,1319,東陽實業廠,151000,0.59
2025-08-01,3605,宏致電子,265000,0.58
2025-08-01,6670,復盛應用科技,55000,0.57
2025-08-01,3491,昇達科技,34000,0.43
2025-08-01,2723,開曼美食達人,109000,0.32
2025-08-01,3450,聯鈞光電,15000,0.11
2025-08-04,2330,台灣積體電路製造,170000,7.04
2025-08-04,2317,鴻海精密工業,716000,4.7
2025-08-04,2454,聯發科技,93000,4.52
2025-08-04,2382,廣達電腦,438000,4.49
2025-08-04,2308,台達電子工業,184000,3.98
2025-08-04,2357,華碩電腦,155000,3.76
2025-08-04,2881,富邦金融控股,1105000,3.39
2025-08-04,2345,智邦科技,81000,2.62
2025-08-04,2891,中國信託金融控股,1566000,2.44
2025-08-04,2383,台光電子材料,59000,2.39
2025-08-04,3044,健鼎科技,235000,2.39
2025-08-04,9802,鈺齊國際,598000,2.3
2025-08-04,6669,緯穎科技服務,23000,2.22
2025-08-04,3017,奇鋐科技,64000,2.18
2025-08-04,2884,玉山金融控股,1799622,2.14
2025-08-04,2379,瑞昱半導體,98000,1.95
2025-08-04,2059,川湖科技,20000,1.9
2025-08-04,2393,億光電子工業,715000,1.8
2025-08-04,3293,鈊象電子,60000,1.72
2025-08-04,2360,致茂電子,95000,1.71
2025-08-04,3665,貿聯控股（BizLink Holding In,54336,1.69
2025-08-04,6223,旺矽科技,44000,1.6
2025-08-04,3653,健策精密工業,32000,1.52
2025-08-04,9907,統一實業,1990000,1.33
2025-08-04,5234,達興材料,145000,1.3
2025-08-04,5904,寶雅國際,71450,1.22
2025-08-04,6757,台灣虎航,361000,1.13
2025-08-04,6510,中華精測科技,36000,1.09
2025-08-04,5534,長虹建設,357000,1.09
2025-08-04,5434,崇越科技,105000,1.07
2025-08-04,6274,台燿科技,107000,1.01
2025-08-04,5439,高技企業,102000,0.95
2025-08-04,6121,新普科技,62000,0.91
2025-08-04,8114,振樺電子,97000,0.9
2025-08-04,8016,矽創電子,116000,0.86
2025-08-04,6811,宏碁資訊服務,91000,0.82
2025-08-04,6561,是方電訊,49000,0.8
2025-08-04,4915,致伸科技,301000,0.8
2025-08-04,3526,凡甲科技,93000,0.8
2025-08-04,3529,力旺電子,11000,0.8
2025-08-04,6442,光紅建聖,36000,0.78
2025-08-04,2610,中華航空,940000,0.71
2025-08-04,8028,昇陽國際半導體,121000,0.68
2025-08-04,3211,順達科技,77000,0.65
2025-08-04,3227,原相科技,85000,0.62
2025-08-04,6257,矽格,207000,0.6
2025-08-04,6670,復盛應用科技,55000,0.58
2025-08-04,3605,宏致電子,265000,0.58
2025-08-04,1319,東陽實業廠,151000,0.58
2025-08-04,3491,昇達科技,34000,0.42
2025-08-04,2723,開曼美食達人,109000,0.32
2025-08-04,3450,聯鈞光電,15000,0.11
2025-08-05,2330,台灣積體電路製造,170000,6.92
2025-08-05,2317,鴻海精密工業,716000,4.67
2025-08-05,2382,廣達電腦,438000,4.46
2025-08-05,2454,聯發科技,93000,4.41
2025-08-05,2308,台達電子工業,184000,4.11
2025-08-05,2357,華碩電腦,155000,3.71
2025-08-05,2881,富邦金融控股,1105000,3.28
2025-08-05,2345,智邦科技,81000,2.58
2025-08-05,2891,中國信託金融控股,1566000,2.36
2025-08-05,2383,台光電子材料,59000,2.35
2025-08-05,3044,健鼎科技,235000,2.32
2025-08-05,9802,鈺齊國際,598000,2.25
2025-08-05,6669,緯穎科技服務,23000,2.24
2025-08-05,3017,奇鋐科技,64000,2.21
2025-08-05,2884,玉山金融控股,1799622,2.08
2025-08-05,2379,瑞昱半導體,98000,1.94
2025-08-05,2059,川湖科技,20000,1.93
2025-08-05,2393,億光電子工業,715000,1.72
2025-08-05,3293,鈊象電子,60000,1.72
2025-08-05,3665,貿聯控股（BizLink Holding In,54336,1.7
2025-08-05,2360,致茂電子,95000,1.66
2025-08-05,6223,旺矽科技,44000,1.55
2025-08-05,3653,健策精密工業,32000,1.48
2025-08-05,9907,統一實業,1990000,1.31
2025-08-05,5234,達興材料,145000,1.29
2025-08-05,5904,寶雅國際,71450,1.18
2025-08-05,6510,中華精測科技,36000,1.11
2025-08-05,6757,台灣虎航,361000,1.1
2025-08-05,5534,長虹建設,357000,1.05
2025-08-05,5434,崇越科技,105000,1.05
2025-08-05,6274,台燿科技,107000,0.98
2025-08-05,5439,高技企業,102000,0.91
2025-08-05,6121,新普科技,62000,0.91
2025-08-05,8114,振樺電子,97000,0.9
2025-08-05,8016,矽創電子,116000,0.84
2025-08-05,6811,宏碁資訊服務,91000,0.81
2025-08-05,3529,力旺電子,11000,0.8
2025-08-05,3526,凡甲科技,93000,0.79
2025-08-05,4915,致伸科技,301000,0.79
2025-08-05,6561,是方電訊,49000,0.78
2025-08-05,6442,光紅建聖,36000,0.76
2025-08-05,8028,昇陽國際半導體,121000,0.7
2025-08-05,2610,中華航空,940000,0.69
2025-08-05,3211,順達科技,77000,0.65
2025-08-05,3227,原相科技,85000,0.61
2025-08-05,6257,矽格,207000,0.59
2025-08-05,3605,宏致電子,265000,0.57
2025-08-05,1319,東陽實業廠,151000,0.57
2025-08-05,6670,復盛應用科技,55000,0.56
2025-08-05,3491,昇達科技,34000,0.41
2025-08-05,2723,開曼美食達人,109000,0.31
2025-08-05,3450,聯鈞光電,15000,0.1
2025-08-06,2330,台灣積體電路製造,170000,6.69
2025-08-06,2317,鴻海精密工業,716000,4.66
2025-08-06,2382,廣達電腦,438000,4.42
2025-08-06,2454,聯發科技,93000,4.29
2025-08-06,2308,台達電子工業,184000,4
2025-08-06,2357,華碩電腦,155000,3.69
2025-08-06,2881,富邦金融控股,1105000,3.26
2025-08-06,2345,智邦科技,81000,2.55
2025-08-06,2891,中國信託金融控股,1566000,2.35
2025-08-06,3044,健鼎科技,235000,2.32
2025-08-06,2383,台光電子材料,59000,2.29
2025-08-06,3017,奇鋐科技,64000,2.25
2025-08-06,9802,鈺齊國際,598000,2.25
2025-08-06,6669,緯穎科技服務,23000,2.23
2025-08-06,2884,玉山金融控股,1799622,2.07
2025-08-06,2059,川湖科技,20000,1.97
2025-08-06,2379,瑞昱半導體,98000,1.84
2025-08-06,2393,億光電子工業,715000,1.71
2025-08-06,6223,旺矽科技,44000,1.69
2025-08-06,3293,鈊象電子,60000,1.67
2025-08-06,3665,貿聯控股（BizLink Holding In,54336,1.67
2025-08-06,2360,致茂電子,95000,1.64
2025-08-06,3653,健策精密工業,32000,1.48
2025-08-06,9907,統一實業,1990000,1.29
2025-08-06,5234,達興材料,145000,1.28
2025-08-06,6510,中華精測科技,36000,1.21
2025-08-06,5904,寶雅國際,71450,1.16
2025-08-06,6757,台灣虎航,361000,1.08
2025-08-06,5534,長虹建設,357000,1.05
2025-08-06,5434,崇越科技,105000,1.03
2025-08-06,6274,台燿科技,107000,0.95
2025-08-06,6121,新普科技,62000,0.89
2025-08-06,5439,高技企業,102000,0.88
2025-08-06,8114,振樺電子,97000,0.86
2025-08-06,8016,矽創電子,116000,0.84
2025-08-06,3526,凡甲科技,93000,0.83
2025-08-06,6811,宏碁資訊服務,91000,0.79
2025-08-06,3529,力旺電子,11000,0.78
2025-08-06,4915,致伸科技,301000,0.78
2025-08-06,6442,光紅建聖,36000,0.75
2025-08-06,6561,是方電訊,49000,0.75
2025-08-06,8028,昇陽國際半導體,121000,0.7
2025-08-06,2610,中華航空,940000,0.69
2025-08-06,3211,順達科技,77000,0.65
2025-08-06,3227,原相科技,85000,0.59
2025-08-06,3605,宏致電子,265000,0.59
2025-08-06,6257,矽格,207000,0.56
2025-08-06,6670,復盛應用科技,55000,0.55
2025-08-06,1319,東陽實業廠,151000,0.55
2025-08-06,3491,昇達科技,34000,0.39
2025-08-06,2723,開曼美食達人,109000,0.31
2025-08-06,3450,聯鈞光電,15000,0.1
2025-08-07,2330,台灣積體電路製造,182000,7.04
2025-08-07,2317,鴻海精密工業,766000,4.88
2025-08-07,2454,聯發科技,100000,4.44
2025-08-07,2382,廣達電腦,438000,4.15
2025-08-07,2308,台達電子工業,197000,4.02
2025-08-07,2357,華碩電腦,166000,3.71
2025-08-07,2881,富邦金融控股,1182000,3.29
2025-08-07,2345,智邦科技,87000,2.78
2025-08-07,2891,中國信託金融控股,1676000,2.36
2025-08-07,2383,台光電子材料,63000,2.36
2025-08-07,3044,健鼎科技,251000,2.35
2025-08-07,6669,緯穎科技服務,25000,2.3
2025-08-07,3017,奇鋐科技,68000,2.28
2025-08-07,9802,鈺齊國際,640000,2.23
2025-08-07,2884,玉山金融控股,1925622,2.09
2025-08-07,2059,川湖科技,20000,1.92
2025-08-07,3665,貿聯控股（BizLink Holding In,58336,1.78
2025-08-07,6223,旺矽科技,47000,1.74
2025-08-07,2379,瑞昱半導體,98000,1.72
2025-08-07,2393,億光電子工業,765000,1.7
2025-08-07,2360,致茂電子,102000,1.65
2025-08-07,3293,鈊象電子,64000,1.65
2025-08-07,3653,健策精密工業,34000,1.62
2025-08-07,5234,達興材料,155000,1.36
2025-08-07,9907,統一實業,2129000,1.29
2025-08-07,6510,中華精測科技,39000,1.24
2025-08-07,5904,寶雅國際,76450,1.17
2025-08-07,6757,台灣虎航,386000,1.07
2025-08-07,5434,崇越科技,112000,1.06
2025-08-07,5534,長虹建設,382000,1.05
2025-08-07,6274,台燿科技,115000,0.99
2025-08-07,5439,高技企業,109000,0.92
2025-08-07,6121,新普科技,66000,0.88
2025-08-07,8114,振樺電子,104000,0.88
2025-08-07,3526,凡甲科技,100000,0.84
2025-08-07,3529,力旺電子,12000,0.84
2025-08-07,8016,矽創電子,124000,0.83
2025-08-07,6811,宏碁資訊服務,97000,0.79
2025-08-07,4915,致伸科技,322000,0.79
2025-08-07,6561,是方電訊,52000,0.76
2025-08-07,6442,光紅建聖,36000,0.73
2025-08-07,8028,昇陽國際半導體,130000,0.7
2025-08-07,2610,中華航空,1006000,0.68
2025-08-07,3211,順達科技,77000,0.65
2025-08-07,3227,原相科技,91000,0.61
2025-08-07,3605,宏致電子,284000,0.59
2025-08-07,6257,矽格,221000,0.58
2025-08-07,6670,復盛應用科技,59000,0.55
2025-08-07,1319,東陽實業廠,162000,0.55
2025-08-07,3491,昇達科技,36000,0.41
2025-08-07,2723,開曼美食達人,117000,0.31
2025-08-07,3450,聯鈞光電,15000,0.09
2025-08-08,2330,台灣積體電路製造,189000,7.07
2025-08-08,2317,鴻海精密工業,794000,4.92
2025-08-08,2454,聯發科技,104000,4.47
2025-08-08,2308,台達電子工業,204000,4.14
2025-08-08,2382,廣達電腦,438000,4.05
2025-08-08,2357,華碩電腦,172000,3.73
2025-08-08,2881,富邦金融控股,1225000,3.32
2025-08-08,2345,智邦科技,90000,2.83
2025-08-08,3044,健鼎科技,260000,2.58
2025-08-08,3017,奇鋐科技,70000,2.43
2025-08-08,6669,緯穎科技服務,26000,2.39
2025-08-08,2891,中國信託金融控股,1737000,2.38
2025-08-08,2383,台光電子材料,65000,2.38
2025-08-08,9802,鈺齊國際,663000,2.26
2025-08-08,2884,玉山金融控股,1995622,2.11
2025-08-08,2059,川湖科技,20000,1.89
2025-08-08,3665,貿聯控股（BizLink Holding In,60336,1.87
2025-08-08,6223,旺矽科技,49000,1.8
2025-08-08,2393,億光電子工業,793000,1.7
2025-08-08,2360,致茂電子,106000,1.69
2025-08-08,2379,瑞昱半導體,98000,1.68
2025-08-08,3653,健策精密工業,35000,1.68
2025-08-08,3293,鈊象電子,66000,1.66
2025-08-08,5234,達興材料,161000,1.38
2025-08-08,9907,統一實業,2207000,1.32
2025-08-08,6510,中華精測科技,40000,1.22
2025-08-08,5904,寶雅國際,79450,1.18
2025-08-08,6757,台灣虎航,400000,1.08
2025-08-08,5434,崇越科技,116000,1.07
2025-08-08,5534,長虹建設,396000,1.06
2025-08-08,6274,台燿科技,119000,1.04
2025-08-08,5439,高技企業,113000,0.99
2025-08-08,6121,新普科技,68000,0.89
2025-08-08,8114,振樺電子,108000,0.89
2025-08-08,3526,凡甲科技,104000,0.85
2025-08-08,8016,矽創電子,129000,0.83
2025-08-08,4915,致伸科技,334000,0.82
2025-08-08,6811,宏碁資訊服務,101000,0.81
2025-08-08,3529,力旺電子,12000,0.8
2025-08-08,6561,是方電訊,54000,0.78
2025-08-08,6442,光紅建聖,36000,0.7
2025-08-08,2610,中華航空,1043000,0.7
2025-08-08,3211,順達科技,77000,0.64
2025-08-08,8028,昇陽國際半導體,135000,0.64
2025-08-08,3227,原相科技,94000,0.6
2025-08-08,3605,宏致電子,294000,0.6
2025-08-08,6257,矽格,229000,0.58
2025-08-08,1319,東陽實業廠,168000,0.56
2025-08-08,6670,復盛應用科技,61000,0.54
2025-08-08,3491,昇達科技,37000,0.4
2025-08-08,2723,開曼美食達人,121000,0.31
2025-08-08,3450,聯鈞光電,15000,0.09
2025-08-11,2330,台灣積體電路製造,189000,7.03
2025-08-11,2317,鴻海精密工業,794000,4.96
2025-08-11,2454,聯發科技,104000,4.44
2025-08-11,2308,台達電子工業,204000,4.1
2025-08-11,2382,廣達電腦,438000,4
2025-08-11,2357,華碩電腦,172000,3.59
2025-08-11,2881,富邦金融控股,1225000,3.33
2025-08-11,2345,智邦科技,90000,2.89
2025-08-11,3044,健鼎科技,260000,2.69
2025-08-11,6669,緯穎科技服務,26000,2.6
2025-08-11,3017,奇鋐科技,70000,2.38
2025-08-11,2383,台光電子材料,65000,2.37
2025-08-11,2891,中國信託金融控股,1737000,2.36
2025-08-11,9802,鈺齊國際,663000,2.25
2025-08-11,2884,玉山金融控股,1995622,2.09
2025-08-11,2059,川湖科技,20000,1.89
2025-08-11,3665,貿聯控股（BizLink Holding In,60336,1.87
2025-08-11,6223,旺矽科技,49000,1.78
2025-08-11,2360,致茂電子,106000,1.73
2025-08-11,3653,健策精密工業,35000,1.68
2025-08-11,2393,億光電子工業,793000,1.67
2025-08-11,2379,瑞昱半導體,98000,1.65
2025-08-11,3293,鈊象電子,66000,1.62
2025-08-11,5234,達興材料,161000,1.36
2025-08-11,9907,統一實業,2207000,1.26
2025-08-11,6510,中華精測科技,40000,1.22
2025-08-11,5904,寶雅國際,79450,1.16
2025-08-11,5434,崇越科技,116000,1.08
2025-08-11,6757,台灣虎航,400000,1.07
2025-08-11,6274,台燿科技,119000,1.04
2025-08-11,5534,長虹建設,396000,1.04
2025-08-11,5439,高技企業,113000,1
2025-08-11,8114,振樺電子,108000,0.9
2025-08-11,6121,新普科技,68000,0.87
2025-08-11,8016,矽創電子,129000,0.83
2025-08-11,4915,致伸科技,334000,0.82
2025-08-11,3526,凡甲科技,104000,0.82
2025-08-11,6811,宏碁資訊服務,101000,0.8
2025-08-11,3529,力旺電子,12000,0.78
2025-08-11,6561,是方電訊,54000,0.76
2025-08-11,6442,光紅建聖,36000,0.74
2025-08-11,2610,中華航空,1043000,0.69
2025-08-11,3211,順達科技,77000,0.65
2025-08-11,8028,昇陽國際半導體,135000,0.64
2025-08-11,3605,宏致電子,294000,0.62
2025-08-11,6257,矽格,229000,0.58
2025-08-11,3227,原相科技,94000,0.57
2025-08-11,1319,東陽實業廠,168000,0.54
2025-08-11,6670,復盛應用科技,61000,0.52
2025-08-11,3491,昇達科技,37000,0.4
2025-08-11,2723,開曼美食達人,121000,0.31
2025-08-11,3450,聯鈞光電,15000,0.09
2025-08-12,2330,台灣積體電路製造,189000,6.99
2025-08-12,2317,鴻海精密工業,794000,4.9
2025-08-12,2454,聯發科技,104000,4.43
2025-08-12,2308,台達電子工業,204000,4.1
2025-08-12,2382,廣達電腦,438000,3.88
2025-08-12,2357,華碩電腦,172000,3.52
2025-08-12,2881,富邦金融控股,1225000,3.33
2025-08-12,2345,智邦科技,90000,2.88
2025-08-12,3044,健鼎科技,260000,2.66
2025-08-12,6669,緯穎科技服務,26000,2.66
2025-08-12,3017,奇鋐科技,70000,2.39
2025-08-12,2383,台光電子材料,65000,2.39
2025-08-12,2891,中國信託金融控股,1737000,2.33
2025-08-12,9802,鈺齊國際,663000,2.25
2025-08-12,2884,玉山金融控股,1995622,2.08
2025-08-12,2059,川湖科技,20000,1.87
2025-08-12,3665,貿聯控股（BizLink Holding In,60336,1.82
2025-08-12,6223,旺矽科技,49000,1.77
2025-08-12,2360,致茂電子,106000,1.68
2025-08-12,2393,億光電子工業,793000,1.66
2025-08-12,3653,健策精密工業,35000,1.64
2025-08-12,2379,瑞昱半導體,98000,1.63
2025-08-12,3293,鈊象電子,66000,1.6
2025-08-12,5234,達興材料,161000,1.32
2025-08-12,9907,統一實業,2207000,1.26
2025-08-12,6510,中華精測科技,40000,1.21
2025-08-12,5904,寶雅國際,79450,1.17
2025-08-12,5434,崇越科技,116000,1.08
2025-08-12,6757,台灣虎航,400000,1.05
2025-08-12,5534,長虹建設,396000,1.03
2025-08-12,6274,台燿科技,119000,1.02
2025-08-12,5439,高技企業,113000,1.01
2025-08-12,8114,振樺電子,108000,0.9
2025-08-12,3526,凡甲科技,104000,0.87
2025-08-12,8016,矽創電子,129000,0.84
2025-08-12,6121,新普科技,68000,0.83
2025-08-12,4915,致伸科技,334000,0.81
2025-08-12,3529,力旺電子,12000,0.8
2025-08-12,6811,宏碁資訊服務,101000,0.8
2025-08-12,6442,光紅建聖,36000,0.75
2025-08-12,6561,是方電訊,54000,0.75
2025-08-12,3605,宏致電子,294000,0.68
2025-08-12,2610,中華航空,1043000,0.68
2025-08-12,3211,順達科技,77000,0.63
2025-08-12,8028,昇陽國際半導體,135000,0.63
2025-08-12,3227,原相科技,94000,0.57
2025-08-12,6257,矽格,229000,0.57
2025-08-12,1319,東陽實業廠,168000,0.54
2025-08-12,6670,復盛應用科技,61000,0.52
2025-08-12,3491,昇達科技,37000,0.41
2025-08-12,2723,開曼美食達人,121000,0.3
2025-08-12,3450,聯鈞光電,15000,0.09
2025-08-13,2330,台灣積體電路製造,189000,6.88
2025-08-13,2317,鴻海精密工業,794000,4.78
2025-08-13,2454,聯發科技,104000,4.32
2025-08-13,2308,台達電子工業,204000,4.18
2025-08-13,2382,廣達電腦,438000,3.61
2025-08-13,2357,華碩電腦,172000,3.34
2025-08-13,2881,富邦金融控股,1225000,3.25
2025-08-13,2345,智邦科技,90000,2.85
2025-08-13,6669,緯穎科技服務,26000,2.67
2025-08-13,3044,健鼎科技,260000,2.6
2025-08-13,3017,奇鋐科技,70000,2.38
2025-08-13,2383,台光電子材料,65000,2.37
2025-08-13,2891,中國信託金融控股,1737000,2.27
2025-08-13,9802,鈺齊國際,663000,2.2
2025-08-13,2884,玉山金融控股,1995622,2.06
2025-08-13,2059,川湖科技,20000,1.85
2025-08-13,3665,貿聯控股（BizLink Holding In,60336,1.81
2025-08-13,6223,旺矽科技,49000,1.81
2025-08-13,2360,致茂電子,106000,1.64
2025-08-13,2393,億光電子工業,793000,1.61
2025-08-13,2379,瑞昱半導體,98000,1.59
2025-08-13,3293,鈊象電子,66000,1.53
2025-08-13,3653,健策精密工業,35000,1.53
2025-08-13,5234,達興材料,161000,1.23
2025-08-13,9907,統一實業,2207000,1.21
2025-08-13,6510,中華精測科技,40000,1.17
2025-08-13,5904,寶雅國際,79450,1.12
2025-08-13,5434,崇越科技,116000,1.05
2025-08-13,6274,台燿科技,119000,1.02
2025-08-13,6757,台灣虎航,400000,1.02
2025-08-13,5534,長虹建設,396000,1.01
2025-08-13,5439,高技企業,113000,0.92
2025-08-13,8114,振樺電子,108000,0.86
2025-08-13,6121,新普科技,68000,0.82
2025-08-13,3526,凡甲科技,104000,0.81
2025-08-13,8016,矽創電子,129000,0.81
2025-08-13,4915,致伸科技,334000,0.79
2025-08-13,3529,力旺電子,12000,0.78
2025-08-13,6811,宏碁資訊服務,101000,0.77
2025-08-13,6442,光紅建聖,36000,0.75
2025-08-13,6561,是方電訊,54000,0.73
2025-08-13,3605,宏致電子,294000,0.68
2025-08-13,2610,中華航空,1043000,0.67
2025-08-13,3211,順達科技,77000,0.6
2025-08-13,3227,原相科技,94000,0.6
2025-08-13,8028,昇陽國際半導體,135000,0.59
2025-08-13,6257,矽格,229000,0.56
2025-08-13,1319,東陽實業廠,168000,0.51
2025-08-13,6670,復盛應用科技,61000,0.5
2025-08-13,3491,昇達科技,37000,0.39
2025-08-13,2723,開曼美食達人,121000,0.29
2025-08-13,3450,聯鈞光電,15000,0.09
2025-08-14,2330,台灣積體電路製造,189000,6.62
2025-08-14,2317,鴻海精密工業,794000,4.72
2025-08-14,2454,聯發科技,104000,4.31
2025-08-14,2308,台達電子工業,204000,4.08
2025-08-14,2382,廣達電腦,438000,3.53
2025-08-14,2357,華碩電腦,172000,3.29
2025-08-14,2881,富邦金融控股,1225000,3.24
2025-08-14,2345,智邦科技,90000,2.78
2025-08-14,6669,緯穎科技服務,26000,2.63
2025-08-14,3044,健鼎科技,260000,2.51
2025-08-14,2383,台光電子材料,65000,2.35
2025-08-14,9802,鈺齊國際,663000,2.25
2025-08-14,2891,中國信託金融控股,1737000,2.24
2025-08-14,3017,奇鋐科技,70000,2.24
2025-08-14,2884,玉山金融控股,1995622,2.05
2025-08-14,2059,川湖科技,20000,1.85
2025-08-14,6223,旺矽科技,49000,1.85
2025-08-14,3665,貿聯控股（BizLink Holding In,60336,1.78
2025-08-14,2360,致茂電子,106000,1.63
2025-08-14,2379,瑞昱半導體,98000,1.59
2025-08-14,2393,億光電子工業,793000,1.59
2025-08-14,3653,健策精密工業,35000,1.57
2025-08-14,3293,鈊象電子,66000,1.53
2025-08-14,5234,達興材料,161000,1.33
2025-08-14,6510,中華精測科技,40000,1.26
2025-08-14,9907,統一實業,2207000,1.19
2025-08-14,5904,寶雅國際,79450,1.12
2025-08-14,6274,台燿科技,119000,1.04
2025-08-14,5434,崇越科技,116000,1.03
2025-08-14,6757,台灣虎航,400000,1.01
2025-08-14,5534,長虹建設,396000,1
2025-08-14,5439,高技企業,113000,0.91
2025-08-14,8114,振樺電子,108000,0.88
2025-08-14,8016,矽創電子,129000,0.8
2025-08-14,6121,新普科技,68000,0.8
2025-08-14,3526,凡甲科技,104000,0.79
2025-08-14,4915,致伸科技,334000,0.78
2025-08-14,6442,光紅建聖,36000,0.78
2025-08-14,3529,力旺電子,12000,0.77
2025-08-14,6811,宏碁資訊服務,101000,0.76
2025-08-14,6561,是方電訊,54000,0.72
2025-08-14,2610,中華航空,1043000,0.67
2025-08-14,3605,宏致電子,294000,0.64
2025-08-14,3211,順達科技,77000,0.59
2025-08-14,8028,昇陽國際半導體,135000,0.58
2025-08-14,3227,原相科技,94000,0.56
2025-08-14,6257,矽格,229000,0.55
2025-08-14,1319,東陽實業廠,168000,0.51
2025-08-14,6670,復盛應用科技,61000,0.51
2025-08-14,3491,昇達科技,37000,0.39
2025-08-14,2723,開曼美食達人,121000,0.29
2025-08-14,3450,聯鈞光電,15000,0.09
2025-08-15,2330,台灣積體電路製造,195000,6.62
2025-08-15,2317,鴻海精密工業,821000,4.89
2025-08-15,2454,聯發科技,107000,4.22
2025-08-15,2308,台達電子工業,211000,4.16
2025-08-15,2382,廣達電腦,438000,3.41
2025-08-15,2357,華碩電腦,178000,3.24
2025-08-15,2881,富邦金融控股,1266000,3.23
2025-08-15,2345,智邦科技,93000,2.77
2025-08-15,6669,緯穎科技服務,26000,2.5
2025-08-15,3044,健鼎科技,269000,2.49
2025-08-15,2383,台光電子材料,67000,2.47
2025-08-15,9802,鈺齊國際,685000,2.26
2025-08-15,3017,奇鋐科技,72000,2.22
2025-08-15,2891,中國信託金融控股,1795000,2.21
2025-08-15,2884,玉山金融控股,2062622,2.02
2025-08-15,6223,旺矽科技,51000,1.84
2025-08-15,2059,川湖科技,20000,1.8
2025-08-15,3665,貿聯控股（BizLink Holding In,62336,1.77
2025-08-15,2360,致茂電子,106000,1.59
2025-08-15,2393,億光電子工業,819000,1.57
2025-08-15,3653,健策精密工業,36000,1.53
2025-08-15,2379,瑞昱半導體,98000,1.52
2025-08-15,3293,鈊象電子,68000,1.51
2025-08-15,5234,達興材料,161000,1.41
2025-08-15,6510,中華精測科技,41000,1.3
2025-08-15,9907,統一實業,2281000,1.21
2025-08-15,6274,台燿科技,123000,1.12
2025-08-15,5904,寶雅國際,82450,1.11
2025-08-15,5434,崇越科技,120000,1.04
2025-08-15,6757,台灣虎航,413000,1
2025-08-15,5534,長虹建設,409000,0.98
2025-08-15,5439,高技企業,117000,0.96
2025-08-15,8114,振樺電子,112000,0.9
2025-08-15,6442,光紅建聖,36000,0.83
2025-08-15,6121,新普科技,70000,0.8
2025-08-15,4915,致伸科技,345000,0.79
2025-08-15,8016,矽創電子,133000,0.79
2025-08-15,3526,凡甲科技,107000,0.78
2025-08-15,6811,宏碁資訊服務,104000,0.76
2025-08-15,6561,是方電訊,56000,0.72
2025-08-15,3529,力旺電子,12000,0.72
2025-08-15,2610,中華航空,1078000,0.66
2025-08-15,3605,宏致電子,304000,0.64
2025-08-15,3211,順達科技,77000,0.63
2025-08-15,8028,昇陽國際半導體,135000,0.56
2025-08-15,3227,原相科技,94000,0.53
2025-08-15,6257,矽格,229000,0.53
2025-08-15,1319,東陽實業廠,168000,0.49
2025-08-15,6670,復盛應用科技,61000,0.47
2025-08-15,3491,昇達科技,37000,0.37
2025-08-15,2723,開曼美食達人,121000,0.28
2025-08-15,3450,聯鈞光電,15000,0.09
2025-08-18,2330,台灣積體電路製造,214000,6.77
2025-08-18,2317,鴻海精密工業,900000,5.07
2025-08-18,2454,聯發科技,117000,4.42
2025-08-18,2308,台達電子工業,231000,4.26
2025-08-18,2382,廣達電腦,480000,3.46
2025-08-18,2881,富邦金融控股,1387000,3.31
2025-08-18,2357,華碩電腦,195000,3.31
2025-08-18,2345,智邦科技,102000,2.95
2025-08-18,3044,健鼎科技,295000,2.63
2025-08-18,6669,緯穎科技服務,28000,2.57
2025-08-18,2383,台光電子材料,67000,2.34
2025-08-18,2891,中國信託金融控股,1967000,2.26
2025-08-18,9802,鈺齊國際,751000,2.23
2025-08-18,3017,奇鋐科技,72000,2.21
2025-08-18,2884,玉山金融控股,2260622,2.08
2025-08-18,6223,旺矽科技,56000,1.91
2025-08-18,2059,川湖科技,22000,1.88
2025-08-18,3665,貿聯控股（BizLink Holding In,68336,1.79
2025-08-18,3293,鈊象電子,75000,1.61
2025-08-18,2393,億光電子工業,897000,1.61
2025-08-18,3653,健策精密工業,36000,1.56
2025-08-18,5234,達興材料,176000,1.56
2025-08-18,2360,致茂電子,106000,1.5
2025-08-18,2379,瑞昱半導體,98000,1.42
2025-08-18,6510,中華精測科技,45000,1.38
2025-08-18,9907,統一實業,2500000,1.23
2025-08-18,6274,台燿科技,123000,1.15
2025-08-18,5904,寶雅國際,90450,1.13
2025-08-18,5434,崇越科技,132000,1.04
2025-08-18,6757,台灣虎航,452000,1.03
2025-08-18,5534,長虹建設,448000,0.99
2025-08-18,5439,高技企業,117000,0.98
2025-08-18,8114,振樺電子,123000,0.94
2025-08-18,6442,光紅建聖,39000,0.89
2025-08-18,6121,新普科技,77000,0.82
2025-08-18,4915,致伸科技,378000,0.81
2025-08-18,8016,矽創電子,146000,0.8
2025-08-18,3526,凡甲科技,117000,0.79
2025-08-18,6811,宏碁資訊服務,114000,0.76
2025-08-18,6561,是方電訊,61000,0.74
2025-08-18,3529,力旺電子,13000,0.71
2025-08-18,2610,中華航空,1181000,0.68
2025-08-18,3605,宏致電子,333000,0.65
2025-08-18,3211,順達科技,77000,0.63
2025-08-18,8028,昇陽國際半導體,135000,0.51
2025-08-18,3227,原相科技,94000,0.49
2025-08-18,6257,矽格,229000,0.49
2025-08-18,1319,東陽實業廠,168000,0.45
2025-08-18,6670,復盛應用科技,61000,0.43
2025-08-18,3491,昇達科技,37000,0.34
2025-08-18,2723,開曼美食達人,121000,0.26
2025-08-18,3450,聯鈞光電,15000,0.08
2025-08-19,2330,台灣積體電路製造,239000,7.17
2025-08-19,2317,鴻海精密工業,1005000,5.3
2025-08-19,2454,聯發科技,131000,4.61
2025-08-19,2308,台達電子工業,231000,3.87
2025-08-19,2382,廣達電腦,536000,3.64
2025-08-19,2357,華碩電腦,218000,3.5
2025-08-19,2881,富邦金融控股,1549000,3.46
2025-08-19,2345,智邦科技,114000,2.93
2025-08-19,3044,健鼎科技,295000,2.41
2025-08-19,2891,中國信託金融控股,2197000,2.39
2025-08-19,2383,台光電子材料,75000,2.34
2025-08-19,6669,緯穎科技服務,28000,2.34
2025-08-19,9802,鈺齊國際,839000,2.32
2025-08-19,2884,玉山金融控股,2524622,2.19
2025-08-19,6223,旺矽科技,63000,1.98
2025-08-19,3017,奇鋐科技,72000,1.95
2025-08-19,3665,貿聯控股（BizLink Holding In,76336,1.83
2025-08-19,2393,億光電子工業,1002000,1.72
2025-08-19,2059,川湖科技,22000,1.72
2025-08-19,3293,鈊象電子,84000,1.68
2025-08-19,3653,健策精密工業,40000,1.68
2025-08-19,5234,達興材料,197000,1.63
2025-08-19,2360,致茂電子,118000,1.53
2025-08-19,2379,瑞昱半導體,109000,1.47
2025-08-19,6510,中華精測科技,50000,1.44
2025-08-19,9907,統一實業,2791000,1.3
2025-08-19,5904,寶雅國際,101450,1.2
2025-08-19,5434,崇越科技,147000,1.08
2025-08-19,5439,高技企業,131000,1.05
2025-08-19,6274,台燿科技,123000,1.05
2025-08-19,5534,長虹建設,500000,1.03
2025-08-19,8114,振樺電子,137000,0.96
2025-08-19,6757,台灣虎航,452000,0.96
2025-08-19,6442,光紅建聖,44000,0.91
2025-08-19,4915,致伸科技,422000,0.86
2025-08-19,6121,新普科技,86000,0.85
2025-08-19,3526,凡甲科技,131000,0.83
2025-08-19,8016,矽創電子,163000,0.83
2025-08-19,6811,宏碁資訊服務,127000,0.8
2025-08-19,6561,是方電訊,68000,0.79
2025-08-19,3529,力旺電子,15000,0.77
2025-08-19,2610,中華航空,1319000,0.71
2025-08-19,3605,宏致電子,372000,0.69
2025-08-19,3211,順達科技,77000,0.6
2025-08-19,8028,昇陽國際半導體,135000,0.49
2025-08-19,6257,矽格,229000,0.46
2025-08-19,3227,原相科技,94000,0.45
2025-08-19,1319,東陽實業廠,168000,0.42
2025-08-19,6670,復盛應用科技,61000,0.4
2025-08-19,3491,昇達科技,37000,0.32
2025-08-19,2723,開曼美食達人,121000,0.24
2025-08-19,3450,聯鈞光電,15000,0.08
2025-08-20,2330,台灣積體電路製造,239000,7.09
2025-08-20,2317,鴻海精密工業,1005000,5.27
2025-08-20,2454,聯發科技,131000,4.64
2025-08-20,2308,台達電子工業,231000,3.77
2025-08-20,2382,廣達電腦,536000,3.63
2025-08-20,2357,華碩電腦,218000,3.56
2025-08-20,2881,富邦金融控股,1549000,3.52
2025-08-20,2345,智邦科技,114000,2.85
2025-08-20,2891,中國信託金融控股,2197000,2.45
2025-08-20,3044,健鼎科技,295000,2.4
2025-08-20,9802,鈺齊國際,839000,2.36
2025-08-20,2383,台光電子材料,75000,2.25
2025-08-20,2884,玉山金融控股,2524622,2.24
2025-08-20,6669,緯穎科技服務,28000,2.18
2025-08-20,3017,奇鋐科技,72000,1.89
2025-08-20,3665,貿聯控股（BizLink Holding In,76336,1.85
2025-08-20,6223,旺矽科技,63000,1.84
2025-08-20,2393,億光電子工業,1002000,1.77
2025-08-20,3293,鈊象電子,84000,1.71
2025-08-20,5234,達興材料,197000,1.69
2025-08-20,2059,川湖科技,22000,1.64
2025-08-20,3653,健策精密工業,40000,1.62
2025-08-20,2360,致茂電子,118000,1.51
2025-08-20,2379,瑞昱半導體,109000,1.49
2025-08-20,6510,中華精測科技,50000,1.44
2025-08-20,9907,統一實業,2791000,1.34
2025-08-20,5904,寶雅國際,101450,1.22
2025-08-20,5434,崇越科技,147000,1.09
2025-08-20,5534,長虹建設,500000,1.05
2025-08-20,6274,台燿科技,123000,1.02
2025-08-20,6757,台灣虎航,452000,0.99
2025-08-20,5439,高技企業,131000,0.99
2025-08-20,8114,振樺電子,137000,0.98
2025-08-20,6442,光紅建聖,44000,0.92
2025-08-20,4915,致伸科技,422000,0.87
2025-08-20,6121,新普科技,86000,0.86
2025-08-20,8016,矽創電子,163000,0.85
2025-08-20,3526,凡甲科技,131000,0.84
2025-08-20,6811,宏碁資訊服務,127000,0.81
2025-08-20,6561,是方電訊,68000,0.8
2025-08-20,3529,力旺電子,15000,0.77
2025-08-20,2610,中華航空,1319000,0.72
2025-08-20,3605,宏致電子,372000,0.69
2025-08-20,3211,順達科技,77000,0.63
2025-08-20,8028,昇陽國際半導體,135000,0.49
2025-08-20,6257,矽格,229000,0.46
2025-08-20,3227,原相科技,94000,0.45
2025-08-20,1319,東陽實業廠,168000,0.42
2025-08-20,6670,復盛應用科技,61000,0.42
2025-08-20,3491,昇達科技,37000,0.33
2025-08-20,2723,開曼美食達人,121000,0.25
2025-08-20,3450,聯鈞光電,15000,0.07
2025-08-21,2330,台灣積體電路製造,249000,7.18
2025-08-21,2317,鴻海精密工業,1047000,5.41
2025-08-21,2454,聯發科技,136000,4.65
2025-08-21,2308,台達電子工業,241000,3.91
2025-08-21,2881,富邦金融控股,1613000,3.57
2025-08-21,2357,華碩電腦,227000,3.56
2025-08-21,2382,廣達電腦,536000,3.48
2025-08-21,2345,智邦科技,119000,2.83
2025-08-21,2891,中國信託金融控股,2288000,2.48
2025-08-21,2383,台光電子材料,78000,2.41
2025-08-21,3044,健鼎科技,307000,2.4
2025-08-21,9802,鈺齊國際,874000,2.38
2025-08-21,2884,玉山金融控股,2629622,2.22
2025-08-21,6669,緯穎科技服務,28000,2.13
2025-08-21,3017,奇鋐科技,75000,1.97
2025-08-21,3665,貿聯控股（BizLink Holding In,79336,1.94
2025-08-21,6223,旺矽科技,63000,1.89
2025-08-21,2393,億光電子工業,1043000,1.76
2025-08-21,3293,鈊象電子,87000,1.72
2025-08-21,2059,川湖科技,23000,1.71
2025-08-21,3653,健策精密工業,42000,1.65
2025-08-21,5234,達興材料,205000,1.65
2025-08-21,2360,致茂電子,118000,1.49
2025-08-21,6510,中華精測科技,52000,1.48
2025-08-21,2379,瑞昱半導體,109000,1.43
2025-08-21,9907,統一實業,2907000,1.37
2025-08-21,5904,寶雅國際,105450,1.21
2025-08-21,5434,崇越科技,153000,1.09
2025-08-21,5534,長虹建設,521000,1.07
2025-08-21,6274,台燿科技,128000,1.04
2025-08-21,5439,高技企業,136000,0.96
2025-08-21,6757,台灣虎航,452000,0.95
2025-08-21,8114,振樺電子,143000,0.95
2025-08-21,6442,光紅建聖,44000,0.89
2025-08-21,4915,致伸科技,439000,0.88
2025-08-21,6121,新普科技,90000,0.88
2025-08-21,8016,矽創電子,170000,0.86
2025-08-21,3526,凡甲科技,136000,0.83
2025-08-21,3529,力旺電子,16000,0.81
2025-08-21,6811,宏碁資訊服務,132000,0.81
2025-08-21,6561,是方電訊,71000,0.8
2025-08-21,2610,中華航空,1374000,0.74
2025-08-21,3605,宏致電子,387000,0.71
2025-08-21,3211,順達科技,77000,0.67
2025-08-21,8028,昇陽國際半導體,135000,0.49
2025-08-21,3227,原相科技,94000,0.44
2025-08-21,6257,矽格,229000,0.44
2025-08-21,1319,東陽實業廠,168000,0.41
2025-08-21,6670,復盛應用科技,61000,0.4
2025-08-21,3491,昇達科技,37000,0.32
2025-08-21,2723,開曼美食達人,121000,0.24
2025-08-21,3450,聯鈞光電,15000,0.07
2025-08-22,2330,台灣積體電路製造,249000,7.13
2025-08-22,2317,鴻海精密工業,1047000,5.35
2025-08-22,2454,聯發科技,136000,4.68
2025-08-22,2308,台達電子工業,241000,4.04
2025-08-22,2881,富邦金融控股,1613000,3.58
2025-08-22,2357,華碩電腦,227000,3.56
2025-08-22,2382,廣達電腦,536000,3.5
2025-08-22,2345,智邦科技,119000,2.82
2025-08-22,2891,中國信託金融控股,2288000,2.46
2025-08-22,3044,健鼎科技,307000,2.41
2025-08-22,2383,台光電子材料,78000,2.37
2025-08-22,9802,鈺齊國際,874000,2.37
2025-08-22,2884,玉山金融控股,2629622,2.23
2025-08-22,6669,緯穎科技服務,28000,2.1
2025-08-22,3017,奇鋐科技,75000,1.95
2025-08-22,3665,貿聯控股（BizLink Holding In,79336,1.89
2025-08-22,6223,旺矽科技,63000,1.88
2025-08-22,2393,億光電子工業,1043000,1.76
2025-08-22,3653,健策精密工業,42000,1.73
2025-08-22,2059,川湖科技,23000,1.71
2025-08-22,3293,鈊象電子,87000,1.7
2025-08-22,5234,達興材料,205000,1.67
2025-08-22,6510,中華精測科技,52000,1.49
2025-08-22,2360,致茂電子,118000,1.48
2025-08-22,2379,瑞昱半導體,109000,1.44
2025-08-22,9907,統一實業,2907000,1.37
2025-08-22,5904,寶雅國際,105450,1.21
2025-08-22,5434,崇越科技,153000,1.09
2025-08-22,5534,長虹建設,521000,1.06
2025-08-22,6274,台燿科技,128000,1.03
2025-08-22,8114,振樺電子,143000,0.96
2025-08-22,6757,台灣虎航,452000,0.95
2025-08-22,5439,高技企業,136000,0.95
2025-08-22,4915,致伸科技,439000,0.88
2025-08-22,6121,新普科技,90000,0.88
2025-08-22,8016,矽創電子,170000,0.87
2025-08-22,6442,光紅建聖,44000,0.86
2025-08-22,3526,凡甲科技,136000,0.85
2025-08-22,3529,力旺電子,16000,0.82
2025-08-22,6811,宏碁資訊服務,132000,0.81
2025-08-22,6561,是方電訊,71000,0.79
2025-08-22,2610,中華航空,1374000,0.74
2025-08-22,3605,宏致電子,387000,0.73
2025-08-22,3211,順達科技,77000,0.67
2025-08-22,8028,昇陽國際半導體,135000,0.47
2025-08-22,6257,矽格,229000,0.45
2025-08-22,3227,原相科技,94000,0.44
2025-08-22,1319,東陽實業廠,168000,0.41
2025-08-22,6670,復盛應用科技,61000,0.4
2025-08-22,3491,昇達科技,37000,0.32
2025-08-22,2723,開曼美食達人,121000,0.24
2025-08-22,3450,聯鈞光電,15000,0.07
2025-08-25,2330,台灣積體電路製造,249000,7.19
2025-08-25,2317,鴻海精密工業,1047000,5.36
2025-08-25,2454,聯發科技,136000,4.73
2025-08-25,2308,台達電子工業,241000,4.02
2025-08-25,2881,富邦金融控股,1613000,3.57
2025-08-25,2382,廣達電腦,536000,3.55
2025-08-25,2357,華碩電腦,227000,3.55
2025-08-25,2345,智邦科技,119000,2.83
2025-08-25,2891,中國信託金融控股,2288000,2.42
2025-08-25,2383,台光電子材料,78000,2.41
2025-08-25,3044,健鼎科技,307000,2.36
2025-08-25,9802,鈺齊國際,874000,2.35
2025-08-25,2884,玉山金融控股,2629622,2.17
2025-08-25,6669,緯穎科技服務,28000,2.11
2025-08-25,3017,奇鋐科技,75000,1.96
2025-08-25,6223,旺矽科技,63000,1.95
2025-08-25,3653,健策精密工業,42000,1.86
2025-08-25,3665,貿聯控股（BizLink Holding In,79336,1.82
2025-08-25,2393,億光電子工業,1043000,1.72
2025-08-25,2059,川湖科技,23000,1.72
2025-08-25,5234,達興材料,205000,1.67
2025-08-25,3293,鈊象電子,87000,1.66
2025-08-25,2360,致茂電子,118000,1.49
2025-08-25,6510,中華精測科技,52000,1.46
2025-08-25,2379,瑞昱半導體,109000,1.44
2025-08-25,9907,統一實業,2907000,1.33
2025-08-25,5904,寶雅國際,105450,1.2
2025-08-25,5434,崇越科技,153000,1.09
2025-08-25,5534,長虹建設,521000,1.03
2025-08-25,6274,台燿科技,128000,0.97
2025-08-25,6442,光紅建聖,44000,0.93
2025-08-25,6757,台灣虎航,452000,0.93
2025-08-25,8114,振樺電子,143000,0.93
2025-08-25,5439,高技企業,136000,0.93
2025-08-25,4915,致伸科技,439000,0.88
2025-08-25,6121,新普科技,90000,0.87
2025-08-25,8016,矽創電子,170000,0.86
2025-08-25,3526,凡甲科技,136000,0.84
2025-08-25,3529,力旺電子,16000,0.82
2025-08-25,6811,宏碁資訊服務,132000,0.8
2025-08-25,6561,是方電訊,71000,0.78
2025-08-25,2610,中華航空,1374000,0.73
2025-08-25,3605,宏致電子,387000,0.72
2025-08-25,3211,順達科技,77000,0.67
2025-08-25,8028,昇陽國際半導體,135000,0.47
2025-08-25,3227,原相科技,94000,0.44
2025-08-25,6257,矽格,229000,0.44
2025-08-25,1319,東陽實業廠,168000,0.4
2025-08-25,6670,復盛應用科技,61000,0.4
2025-08-25,3491,昇達科技,37000,0.32
2025-08-25,2723,開曼美食達人,121000,0.24
2025-08-25,3450,聯鈞光電,15000,0.08
2025-08-26,2330,台灣積體電路製造,249000,7.19
2025-08-26,2317,鴻海精密工業,1047000,5.38
2025-08-26,2454,聯發科技,136000,4.68
2025-08-26,2308,台達電子工業,241000,4.06
2025-08-26,2357,華碩電腦,227000,3.56
2025-08-26,2382,廣達電腦,536000,3.49
2025-08-26,2881,富邦金融控股,1613000,3.45
2025-08-26,2345,智邦科技,119000,2.87
2025-08-26,2383,台光電子材料,78000,2.4
2025-08-26,3044,健鼎科技,307000,2.37
2025-08-26,2891,中國信託金融控股,2288000,2.36
2025-08-26,9802,鈺齊國際,874000,2.36
2025-08-26,2884,玉山金融控股,2629622,2.18
2025-08-26,6669,緯穎科技服務,28000,2.1
2025-08-26,3653,健策精密工業,42000,2.03
2025-08-26,6223,旺矽科技,63000,1.99
2025-08-26,3017,奇鋐科技,75000,1.89
2025-08-26,3665,貿聯控股（BizLink Holding In,79336,1.82
2025-08-26,5234,達興材料,205000,1.72
2025-08-26,2393,億光電子工業,1043000,1.71
2025-08-26,2059,川湖科技,23000,1.68
2025-08-26,3293,鈊象電子,87000,1.67
2025-08-26,2360,致茂電子,118000,1.55
2025-08-26,2379,瑞昱半導體,109000,1.46
2025-08-26,6510,中華精測科技,52000,1.43
2025-08-26,9907,統一實業,2907000,1.33
2025-08-26,5904,寶雅國際,105450,1.19
2025-08-26,5434,崇越科技,153000,1.1
2025-08-26,5534,長虹建設,521000,1.03
2025-08-26,5439,高技企業,136000,0.96
2025-08-26,6274,台燿科技,128000,0.95
2025-08-26,6442,光紅建聖,44000,0.94
2025-08-26,8114,振樺電子,143000,0.93
2025-08-26,6757,台灣虎航,452000,0.92
2025-08-26,4915,致伸科技,439000,0.88
2025-08-26,6121,新普科技,90000,0.86
2025-08-26,8016,矽創電子,170000,0.86
2025-08-26,3526,凡甲科技,136000,0.83
2025-08-26,3529,力旺電子,16000,0.82
2025-08-26,6811,宏碁資訊服務,132000,0.79
2025-08-26,6561,是方電訊,71000,0.76
2025-08-26,2610,中華航空,1374000,0.72
2025-08-26,3605,宏致電子,387000,0.71
2025-08-26,3211,順達科技,77000,0.67
2025-08-26,8028,昇陽國際半導體,135000,0.5
2025-08-26,3227,原相科技,94000,0.45
2025-08-26,6257,矽格,229000,0.44
2025-08-26,1319,東陽實業廠,168000,0.4
2025-08-26,6670,復盛應用科技,61000,0.4
2025-08-26,3491,昇達科技,37000,0.33
2025-08-26,2723,開曼美食達人,121000,0.24
2025-08-26,3450,聯鈞光電,15000,0.08
2025-08-27,2330,台灣積體電路製造,249000,7.21
2025-08-27,2317,鴻海精密工業,1047000,5.3
2025-08-27,2454,聯發科技,136000,4.63
2025-08-27,2308,台達電子工業,241000,4.22
2025-08-27,2357,華碩電腦,227000,3.51
2025-08-27,2382,廣達電腦,536000,3.51
2025-08-27,2881,富邦金融控股,1613000,3.36
2025-08-27,2345,智邦科技,119000,2.85
2025-08-27,2383,台光電子材料,78000,2.43
2025-08-27,3044,健鼎科技,307000,2.43
2025-08-27,2891,中國信託金融控股,2288000,2.32
2025-08-27,9802,鈺齊國際,874000,2.29
2025-08-27,2884,玉山金融控股,2629622,2.14
2025-08-27,6669,緯穎科技服務,28000,2.03
2025-08-27,6223,旺矽科技,63000,2.02
2025-08-27,3653,健策精密工業,42000,1.98
2025-08-27,3017,奇鋐科技,75000,1.92
2025-08-27,5234,達興材料,205000,1.87
2025-08-27,3665,貿聯控股（BizLink Holding In,79336,1.86
2025-08-27,2393,億光電子工業,1043000,1.73
2025-08-27,2059,川湖科技,23000,1.65
2025-08-27,3293,鈊象電子,87000,1.64
2025-08-27,2360,致茂電子,118000,1.58
2025-08-27,2379,瑞昱半導體,109000,1.45
2025-08-27,6510,中華精測科技,52000,1.45
2025-08-27,9907,統一實業,2907000,1.31
2025-08-27,5904,寶雅國際,105450,1.18
2025-08-27,5434,崇越科技,153000,1.09
2025-08-27,6274,台燿科技,128000,1.03
2025-08-27,5534,長虹建設,521000,1.01
2025-08-27,5439,高技企業,136000,1
2025-08-27,8114,振樺電子,143000,0.95
2025-08-27,6442,光紅建聖,44000,0.94
2025-08-27,6757,台灣虎航,452000,0.91
2025-08-27,4915,致伸科技,439000,0.88
2025-08-27,6121,新普科技,90000,0.86
2025-08-27,8016,矽創電子,170000,0.86
2025-08-27,3526,凡甲科技,136000,0.84
2025-08-27,3529,力旺電子,16000,0.82
2025-08-27,6811,宏碁資訊服務,132000,0.82
2025-08-27,6561,是方電訊,71000,0.75
2025-08-27,3605,宏致電子,387000,0.71
2025-08-27,2610,中華航空,1374000,0.71
2025-08-27,3211,順達科技,77000,0.69
2025-08-27,8028,昇陽國際半導體,135000,0.5
2025-08-27,3227,原相科技,94000,0.45
2025-08-27,6257,矽格,229000,0.45
2025-08-27,1319,東陽實業廠,168000,0.4
2025-08-27,6670,復盛應用科技,61000,0.39
2025-08-27,3491,昇達科技,37000,0.35
2025-08-27,2723,開曼美食達人,121000,0.24
2025-08-27,3450,聯鈞光電,15000,0.08
2025-08-28,2330,台灣積體電路製造,249000,7.06
2025-08-28,2317,鴻海精密工業,1047000,5.27
2025-08-28,2454,聯發科技,136000,4.61
2025-08-28,2308,台達電子工業,241000,4.18
2025-08-28,2357,華碩電腦,227000,3.52
2025-08-28,2382,廣達電腦,536000,3.49
2025-08-28,2881,富邦金融控股,1613000,3.36
2025-08-28,2345,智邦科技,119000,2.86
2025-08-28,3044,健鼎科技,307000,2.39
2025-08-28,2383,台光電子材料,78000,2.38
2025-08-28,2891,中國信託金融控股,2288000,2.34
2025-08-28,9802,鈺齊國際,874000,2.28
2025-08-28,2884,玉山金融控股,2629622,2.16
2025-08-28,6669,緯穎科技服務,28000,2.04
2025-08-28,6223,旺矽科技,63000,1.98
2025-08-28,3653,健策精密工業,42000,1.96
2025-08-28,5234,達興材料,205000,1.94
2025-08-28,3665,貿聯控股（BizLink Holding In,79336,1.9
2025-08-28,3017,奇鋐科技,75000,1.86
2025-08-28,2393,億光電子工業,1043000,1.74
2025-08-28,2059,川湖科技,23000,1.65
2025-08-28,3293,鈊象電子,87000,1.64
2025-08-28,2360,致茂電子,118000,1.6
2025-08-28,2379,瑞昱半導體,109000,1.45
2025-08-28,6510,中華精測科技,52000,1.44
2025-08-28,9907,統一實業,2907000,1.3
2025-08-28,5904,寶雅國際,105450,1.21
2025-08-28,5434,崇越科技,153000,1.1
2025-08-28,6274,台燿科技,128000,1.1
2025-08-28,5439,高技企業,136000,1
2025-08-28,5534,長虹建設,521000,0.97
2025-08-28,8114,振樺電子,143000,0.94
2025-08-28,6442,光紅建聖,44000,0.93
2025-08-28,6757,台灣虎航,452000,0.91
2025-08-28,8016,矽創電子,170000,0.88
2025-08-28,4915,致伸科技,439000,0.88
2025-08-28,6121,新普科技,90000,0.86
2025-08-28,6811,宏碁資訊服務,132000,0.85
2025-08-28,3526,凡甲科技,136000,0.83
2025-08-28,3529,力旺電子,16000,0.83
2025-08-28,6561,是方電訊,71000,0.75
2025-08-28,2610,中華航空,1374000,0.71
2025-08-28,3605,宏致電子,387000,0.7
2025-08-28,3211,順達科技,77000,0.69
2025-08-28,8028,昇陽國際半導體,135000,0.5
2025-08-28,6257,矽格,229000,0.46
2025-08-28,3227,原相科技,94000,0.45
2025-08-28,1319,東陽實業廠,168000,0.41
2025-08-28,6670,復盛應用科技,61000,0.4
2025-08-28,3491,昇達科技,37000,0.35
2025-08-28,2723,開曼美食達人,121000,0.24
2025-08-28,3450,聯鈞光電,15000,0.07
2025-08-29,2330,台灣積體電路製造,249000,7.01
2025-08-29,2317,鴻海精密工業,1047000,5.17
2025-08-29,2454,聯發科技,136000,4.52
2025-08-29,2308,台達電子工業,241000,4.16
2025-08-29,2357,華碩電腦,227000,3.48
2025-08-29,2382,廣達電腦,536000,3.41
2025-08-29,2881,富邦金融控股,1613000,3.28
2025-08-29,2345,智邦科技,119000,2.93
2025-08-29,3044,健鼎科技,307000,2.4
2025-08-29,2383,台光電子材料,78000,2.31
2025-08-29,2891,中國信託金融控股,2288000,2.28
2025-08-29,9802,鈺齊國際,874000,2.26
2025-08-29,3653,健策精密工業,42000,2.14
2025-08-29,2884,玉山金融控股,2629622,2.13
2025-08-29,6223,旺矽科技,63000,2.12
2025-08-29,3665,貿聯控股（BizLink Holding In,79336,2.07
2025-08-29,6669,緯穎科技服務,28000,2.01
2025-08-29,5234,達興材料,205000,1.9
2025-08-29,3017,奇鋐科技,75000,1.84
2025-08-29,2393,億光電子工業,1043000,1.73
2025-08-29,2059,川湖科技,23000,1.69
2025-08-29,2360,致茂電子,118000,1.66
2025-08-29,3293,鈊象電子,87000,1.62
2025-08-29,6510,中華精測科技,52000,1.57
2025-08-29,2379,瑞昱半導體,109000,1.41
2025-08-29,9907,統一實業,2907000,1.29
2025-08-29,5904,寶雅國際,105450,1.19
2025-08-29,6274,台燿科技,128000,1.14
2025-08-29,5434,崇越科技,153000,1.08
2025-08-29,5439,高技企業,136000,1.06
2025-08-29,6442,光紅建聖,44000,0.99
2025-08-29,5534,長虹建設,521000,0.96
2025-08-29,8114,振樺電子,143000,0.95
2025-08-29,6757,台灣虎航,452000,0.92
2025-08-29,4915,致伸科技,439000,0.88
2025-08-29,8016,矽創電子,170000,0.87
2025-08-29,6121,新普科技,90000,0.86
2025-08-29,6811,宏碁資訊服務,132000,0.84
2025-08-29,3526,凡甲科技,136000,0.83
2025-08-29,3529,力旺電子,16000,0.8
2025-08-29,6561,是方電訊,71000,0.74
2025-08-29,3605,宏致電子,387000,0.71
2025-08-29,2610,中華航空,1374000,0.71
2025-08-29,3211,順達科技,77000,0.68
2025-08-29,8028,昇陽國際半導體,135000,0.53
2025-08-29,6257,矽格,229000,0.47
2025-08-29,3227,原相科技,94000,0.45
2025-08-29,1319,東陽實業廠,168000,0.41
2025-08-29,6670,復盛應用科技,61000,0.39
2025-08-29,3491,昇達科技,37000,0.36
2025-08-29,2723,開曼美食達人,121000,0.24
2025-08-29,3450,聯鈞光電,15000,0.07
